cell_id,row,col,x_norm,y_norm,width_norm,height_norm,lat,lon
0,0,0,0.016666666666666666,0.016666666666666666,0.03333333333333333,0.03333333333333333,,
1,0,1,0.05,0.016666666666666666,0.03333333333333333,0.03333333333333333,,
2,0,2,0.08333333333333333,0.016666666666666666,0.03333333333333333,0.03333333333333333,,
3,0,3,0.11666666666666667,0.016666666666666666,0.03333333333333333,0.03333333333333333,,
4,0,4,0.15,0.016666666666666666,0.03333333333333333,0.03333333333333333,,
5,0,5,0.18333333333333332,0.016666666666666666,0.03333333333333333,0.03333333333333333,,
6,0,6,0.21666666666666667,0.016666666666666666,0.03333333333333333,0.03333333333333333,,
7,0,7,0.25,0.016666666666666666,0.03333333333333333,0.03333333333333333,,
8,0,8,0.2833333333333333,0.016666666666666666,0.03333333333333333,0.03333333333333333,,
9,0,9,0.31666666666666665,0.016666666666666666,0.03333333333333333,0.03333333333333333,,
10,0,10,0.35,0.016666666666666666,0.03333333333333333,0.03333333333333333,,
11,0,11,0.38333333333333336,0.016666666666666666,0.03333333333333333,0.03333333333333333,,
12,0,12,0.4166666666666667,0.016666666666666666,0.03333333333333333,0.03333333333333333,,
13,0,13,0.45,0.016666666666666666,0.03333333333333333,0.03333333333333333,,
14,0,14,0.48333333333333334,0.016666666666666666,0.03333333333333333,0.03333333333333333,,
15,0,15,0.5166666666666667,0.016666666666666666,0.03333333333333333,0.03333333333333333,,
16,0,16,0.55,0.016666666666666666,0.03333333333333333,0.03333333333333333,,
17,0,17,0.5833333333333334,0.016666666666666666,0.03333333333333333,0.03333333333333333,,
18,0,18,0.6166666666666667,0.016666666666666666,0.03333333333333333,0.03333333333333333,,
19,0,19,0.65,0.016666666666666666,0.03333333333333333,0.03333333333333333,,
20,0,20,0.6833333333333333,0.016666666666666666,0.03333333333333333,0.03333333333333333,,
21,0,21,0.7166666666666667,0.016666666666666666,0.03333333333333333,0.03333333333333333,,
22,0,22,0.75,0.016666666666666666,0.03333333333333333,0.03333333333333333,,
23,0,23,0.7833333333333333,0.016666666666666666,0.03333333333333333,0.03333333333333333,,
24,0,24,0.8166666666666667,0.016666666666666666,0.03333333333333333,0.03333333333333333,,
25,0,25,0.85,0.016666666666666666,0.03333333333333333,0.03333333333333333,,
26,0,26,0.8833333333333333,0.016666666666666666,0.03333333333333333,0.03333333333333333,,
27,0,27,0.9166666666666666,0.016666666666666666,0.03333333333333333,0.03333333333333333,,
28,0,28,0.95,0.016666666666666666,0.03333333333333333,0.03333333333333333,,
29,0,29,0.9833333333333333,0.016666666666666666,0.03333333333333333,0.03333333333333333,,
30,1,0,0.016666666666666666,0.05,0.03333333333333333,0.03333333333333333,,
31,1,1,0.05,0.05,0.03333333333333333,0.03333333333333333,,
32,1,2,0.08333333333333333,0.05,0.03333333333333333,0.03333333333333333,,
33,1,3,0.11666666666666667,0.05,0.03333333333333333,0.03333333333333333,,
34,1,4,0.15,0.05,0.03333333333333333,0.03333333333333333,,
35,1,5,0.18333333333333332,0.05,0.03333333333333333,0.03333333333333333,,
36,1,6,0.21666666666666667,0.05,0.03333333333333333,0.03333333333333333,,
37,1,7,0.25,0.05,0.03333333333333333,0.03333333333333333,,
38,1,8,0.2833333333333333,0.05,0.03333333333333333,0.03333333333333333,,
39,1,9,0.31666666666666665,0.05,0.03333333333333333,0.03333333333333333,,
40,1,10,0.35,0.05,0.03333333333333333,0.03333333333333333,,
41,1,11,0.38333333333333336,0.05,0.03333333333333333,0.03333333333333333,,
42,1,12,0.4166666666666667,0.05,0.03333333333333333,0.03333333333333333,,
43,1,13,0.45,0.05,0.03333333333333333,0.03333333333333333,,
44,1,14,0.48333333333333334,0.05,0.03333333333333333,0.03333333333333333,,
45,1,15,0.5166666666666667,0.05,0.03333333333333333,0.03333333333333333,,
46,1,16,0.55,0.05,0.03333333333333333,0.03333333333333333,,
47,1,17,0.5833333333333334,0.05,0.03333333333333333,0.03333333333333333,,
48,1,18,0.6166666666666667,0.05,0.03333333333333333,0.03333333333333333,,
49,1,19,0.65,0.05,0.03333333333333333,0.03333333333333333,,
50,1,20,0.6833333333333333,0.05,0.03333333333333333,0.03333333333333333,,
51,1,21,0.7166666666666667,0.05,0.03333333333333333,0.03333333333333333,,
52,1,22,0.75,0.05,0.03333333333333333,0.03333333333333333,,
53,1,23,0.7833333333333333,0.05,0.03333333333333333,0.03333333333333333,,
54,1,24,0.8166666666666667,0.05,0.03333333333333333,0.03333333333333333,,
55,1,25,0.85,0.05,0.03333333333333333,0.03333333333333333,,
56,1,26,0.8833333333333333,0.05,0.03333333333333333,0.03333333333333333,,
57,1,27,0.9166666666666666,0.05,0.03333333333333333,0.03333333333333333,,
58,1,28,0.95,0.05,0.03333333333333333,0.03333333333333333,,
59,1,29,0.9833333333333333,0.05,0.03333333333333333,0.03333333333333333,,
60,2,0,0.016666666666666666,0.08333333333333333,0.03333333333333333,0.03333333333333333,,
61,2,1,0.05,0.08333333333333333,0.03333333333333333,0.03333333333333333,,
62,2,2,0.08333333333333333,0.08333333333333333,0.03333333333333333,0.03333333333333333,,
63,2,3,0.11666666666666667,0.08333333333333333,0.03333333333333333,0.03333333333333333,,
64,2,4,0.15,0.08333333333333333,0.03333333333333333,0.03333333333333333,,
65,2,5,0.18333333333333332,0.08333333333333333,0.03333333333333333,0.03333333333333333,,
66,2,6,0.21666666666666667,0.08333333333333333,0.03333333333333333,0.03333333333333333,,
67,2,7,0.25,0.08333333333333333,0.03333333333333333,0.03333333333333333,,
68,2,8,0.2833333333333333,0.08333333333333333,0.03333333333333333,0.03333333333333333,,
69,2,9,0.31666666666666665,0.08333333333333333,0.03333333333333333,0.03333333333333333,,
70,2,10,0.35,0.08333333333333333,0.03333333333333333,0.03333333333333333,,
71,2,11,0.38333333333333336,0.08333333333333333,0.03333333333333333,0.03333333333333333,,
72,2,12,0.4166666666666667,0.08333333333333333,0.03333333333333333,0.03333333333333333,,
73,2,13,0.45,0.08333333333333333,0.03333333333333333,0.03333333333333333,,
74,2,14,0.48333333333333334,0.08333333333333333,0.03333333333333333,0.03333333333333333,,
75,2,15,0.5166666666666667,0.08333333333333333,0.03333333333333333,0.03333333333333333,,
76,2,16,0.55,0.08333333333333333,0.03333333333333333,0.03333333333333333,,
77,2,17,0.5833333333333334,0.08333333333333333,0.03333333333333333,0.03333333333333333,,
78,2,18,0.6166666666666667,0.08333333333333333,0.03333333333333333,0.03333333333333333,,
79,2,19,0.65,0.08333333333333333,0.03333333333333333,0.03333333333333333,,
80,2,20,0.6833333333333333,0.08333333333333333,0.03333333333333333,0.03333333333333333,,
81,2,21,0.7166666666666667,0.08333333333333333,0.03333333333333333,0.03333333333333333,,
82,2,22,0.75,0.08333333333333333,0.03333333333333333,0.03333333333333333,,
83,2,23,0.7833333333333333,0.08333333333333333,0.03333333333333333,0.03333333333333333,,
84,2,24,0.8166666666666667,0.08333333333333333,0.03333333333333333,0.03333333333333333,,
85,2,25,0.85,0.08333333333333333,0.03333333333333333,0.03333333333333333,,
86,2,26,0.8833333333333333,0.08333333333333333,0.03333333333333333,0.03333333333333333,,
87,2,27,0.9166666666666666,0.08333333333333333,0.03333333333333333,0.03333333333333333,,
88,2,28,0.95,0.08333333333333333,0.03333333333333333,0.03333333333333333,,
89,2,29,0.9833333333333333,0.08333333333333333,0.03333333333333333,0.03333333333333333,,
90,3,0,0.016666666666666666,0.11666666666666667,0.03333333333333333,0.03333333333333333,,
91,3,1,0.05,0.11666666666666667,0.03333333333333333,0.03333333333333333,,
92,3,2,0.08333333333333333,0.11666666666666667,0.03333333333333333,0.03333333333333333,,
93,3,3,0.11666666666666667,0.11666666666666667,0.03333333333333333,0.03333333333333333,,
94,3,4,0.15,0.11666666666666667,0.03333333333333333,0.03333333333333333,,
95,3,5,0.18333333333333332,0.11666666666666667,0.03333333333333333,0.03333333333333333,,
96,3,6,0.21666666666666667,0.11666666666666667,0.03333333333333333,0.03333333333333333,,
97,3,7,0.25,0.11666666666666667,0.03333333333333333,0.03333333333333333,,
98,3,8,0.2833333333333333,0.11666666666666667,0.03333333333333333,0.03333333333333333,,
99,3,9,0.31666666666666665,0.11666666666666667,0.03333333333333333,0.03333333333333333,,
100,3,10,0.35,0.11666666666666667,0.03333333333333333,0.03333333333333333,,
101,3,11,0.38333333333333336,0.11666666666666667,0.03333333333333333,0.03333333333333333,,
102,3,12,0.4166666666666667,0.11666666666666667,0.03333333333333333,0.03333333333333333,,
103,3,13,0.45,0.11666666666666667,0.03333333333333333,0.03333333333333333,,
104,3,14,0.48333333333333334,0.11666666666666667,0.03333333333333333,0.03333333333333333,,
105,3,15,0.5166666666666667,0.11666666666666667,0.03333333333333333,0.03333333333333333,,
106,3,16,0.55,0.11666666666666667,0.03333333333333333,0.03333333333333333,,
107,3,17,0.5833333333333334,0.11666666666666667,0.03333333333333333,0.03333333333333333,,
108,3,18,0.6166666666666667,0.11666666666666667,0.03333333333333333,0.03333333333333333,,
109,3,19,0.65,0.11666666666666667,0.03333333333333333,0.03333333333333333,,
110,3,20,0.6833333333333333,0.11666666666666667,0.03333333333333333,0.03333333333333333,,
111,3,21,0.7166666666666667,0.11666666666666667,0.03333333333333333,0.03333333333333333,,
112,3,22,0.75,0.11666666666666667,0.03333333333333333,0.03333333333333333,,
113,3,23,0.7833333333333333,0.11666666666666667,0.03333333333333333,0.03333333333333333,,
114,3,24,0.8166666666666667,0.11666666666666667,0.03333333333333333,0.03333333333333333,,
115,3,25,0.85,0.11666666666666667,0.03333333333333333,0.03333333333333333,,
116,3,26,0.8833333333333333,0.11666666666666667,0.03333333333333333,0.03333333333333333,,
117,3,27,0.9166666666666666,0.11666666666666667,0.03333333333333333,0.03333333333333333,,
118,3,28,0.95,0.11666666666666667,0.03333333333333333,0.03333333333333333,,
119,3,29,0.9833333333333333,0.11666666666666667,0.03333333333333333,0.03333333333333333,,
120,4,0,0.016666666666666666,0.15,0.03333333333333333,0.03333333333333333,,
121,4,1,0.05,0.15,0.03333333333333333,0.03333333333333333,,
122,4,2,0.08333333333333333,0.15,0.03333333333333333,0.03333333333333333,,
123,4,3,0.11666666666666667,0.15,0.03333333333333333,0.03333333333333333,,
124,4,4,0.15,0.15,0.03333333333333333,0.03333333333333333,,
125,4,5,0.18333333333333332,0.15,0.03333333333333333,0.03333333333333333,,
126,4,6,0.21666666666666667,0.15,0.03333333333333333,0.03333333333333333,,
127,4,7,0.25,0.15,0.03333333333333333,0.03333333333333333,,
128,4,8,0.2833333333333333,0.15,0.03333333333333333,0.03333333333333333,,
129,4,9,0.31666666666666665,0.15,0.03333333333333333,0.03333333333333333,,
130,4,10,0.35,0.15,0.03333333333333333,0.03333333333333333,,
131,4,11,0.38333333333333336,0.15,0.03333333333333333,0.03333333333333333,,
132,4,12,0.4166666666666667,0.15,0.03333333333333333,0.03333333333333333,,
133,4,13,0.45,0.15,0.03333333333333333,0.03333333333333333,,
134,4,14,0.48333333333333334,0.15,0.03333333333333333,0.03333333333333333,,
135,4,15,0.5166666666666667,0.15,0.03333333333333333,0.03333333333333333,,
136,4,16,0.55,0.15,0.03333333333333333,0.03333333333333333,,
137,4,17,0.5833333333333334,0.15,0.03333333333333333,0.03333333333333333,,
138,4,18,0.6166666666666667,0.15,0.03333333333333333,0.03333333333333333,,
139,4,19,0.65,0.15,0.03333333333333333,0.03333333333333333,,
140,4,20,0.6833333333333333,0.15,0.03333333333333333,0.03333333333333333,,
141,4,21,0.7166666666666667,0.15,0.03333333333333333,0.03333333333333333,,
142,4,22,0.75,0.15,0.03333333333333333,0.03333333333333333,,
143,4,23,0.7833333333333333,0.15,0.03333333333333333,0.03333333333333333,,
144,4,24,0.8166666666666667,0.15,0.03333333333333333,0.03333333333333333,,
145,4,25,0.85,0.15,0.03333333333333333,0.03333333333333333,,
146,4,26,0.8833333333333333,0.15,0.03333333333333333,0.03333333333333333,,
147,4,27,0.9166666666666666,0.15,0.03333333333333333,0.03333333333333333,,
148,4,28,0.95,0.15,0.03333333333333333,0.03333333333333333,,
149,4,29,0.9833333333333333,0.15,0.03333333333333333,0.03333333333333333,,
150,5,0,0.016666666666666666,0.18333333333333332,0.03333333333333333,0.03333333333333333,,
151,5,1,0.05,0.18333333333333332,0.03333333333333333,0.03333333333333333,,
152,5,2,0.08333333333333333,0.18333333333333332,0.03333333333333333,0.03333333333333333,,
153,5,3,0.11666666666666667,0.18333333333333332,0.03333333333333333,0.03333333333333333,,
154,5,4,0.15,0.18333333333333332,0.03333333333333333,0.03333333333333333,,
155,5,5,0.18333333333333332,0.18333333333333332,0.03333333333333333,0.03333333333333333,,
156,5,6,0.21666666666666667,0.18333333333333332,0.03333333333333333,0.03333333333333333,,
157,5,7,0.25,0.18333333333333332,0.03333333333333333,0.03333333333333333,,
158,5,8,0.2833333333333333,0.18333333333333332,0.03333333333333333,0.03333333333333333,,
159,5,9,0.31666666666666665,0.18333333333333332,0.03333333333333333,0.03333333333333333,,
160,5,10,0.35,0.18333333333333332,0.03333333333333333,0.03333333333333333,,
161,5,11,0.38333333333333336,0.18333333333333332,0.03333333333333333,0.03333333333333333,,
162,5,12,0.4166666666666667,0.18333333333333332,0.03333333333333333,0.03333333333333333,,
163,5,13,0.45,0.18333333333333332,0.03333333333333333,0.03333333333333333,,
164,5,14,0.48333333333333334,0.18333333333333332,0.03333333333333333,0.03333333333333333,,
165,5,15,0.5166666666666667,0.18333333333333332,0.03333333333333333,0.03333333333333333,,
166,5,16,0.55,0.18333333333333332,0.03333333333333333,0.03333333333333333,,
167,5,17,0.5833333333333334,0.18333333333333332,0.03333333333333333,0.03333333333333333,,
168,5,18,0.6166666666666667,0.18333333333333332,0.03333333333333333,0.03333333333333333,,
169,5,19,0.65,0.18333333333333332,0.03333333333333333,0.03333333333333333,,
170,5,20,0.6833333333333333,0.18333333333333332,0.03333333333333333,0.03333333333333333,,
171,5,21,0.7166666666666667,0.18333333333333332,0.03333333333333333,0.03333333333333333,,
172,5,22,0.75,0.18333333333333332,0.03333333333333333,0.03333333333333333,,
173,5,23,0.7833333333333333,0.18333333333333332,0.03333333333333333,0.03333333333333333,,
174,5,24,0.8166666666666667,0.18333333333333332,0.03333333333333333,0.03333333333333333,,
175,5,25,0.85,0.18333333333333332,0.03333333333333333,0.03333333333333333,,
176,5,26,0.8833333333333333,0.18333333333333332,0.03333333333333333,0.03333333333333333,,
177,5,27,0.9166666666666666,0.18333333333333332,0.03333333333333333,0.03333333333333333,,
178,5,28,0.95,0.18333333333333332,0.03333333333333333,0.03333333333333333,,
179,5,29,0.9833333333333333,0.18333333333333332,0.03333333333333333,0.03333333333333333,,
180,6,0,0.016666666666666666,0.21666666666666667,0.03333333333333333,0.03333333333333333,,
181,6,1,0.05,0.21666666666666667,0.03333333333333333,0.03333333333333333,,
182,6,2,0.08333333333333333,0.21666666666666667,0.03333333333333333,0.03333333333333333,,
183,6,3,0.11666666666666667,0.21666666666666667,0.03333333333333333,0.03333333333333333,,
184,6,4,0.15,0.21666666666666667,0.03333333333333333,0.03333333333333333,,
185,6,5,0.18333333333333332,0.21666666666666667,0.03333333333333333,0.03333333333333333,,
186,6,6,0.21666666666666667,0.21666666666666667,0.03333333333333333,0.03333333333333333,,
187,6,7,0.25,0.21666666666666667,0.03333333333333333,0.03333333333333333,,
188,6,8,0.2833333333333333,0.21666666666666667,0.03333333333333333,0.03333333333333333,,
189,6,9,0.31666666666666665,0.21666666666666667,0.03333333333333333,0.03333333333333333,,
190,6,10,0.35,0.21666666666666667,0.03333333333333333,0.03333333333333333,,
191,6,11,0.38333333333333336,0.21666666666666667,0.03333333333333333,0.03333333333333333,,
192,6,12,0.4166666666666667,0.21666666666666667,0.03333333333333333,0.03333333333333333,,
193,6,13,0.45,0.21666666666666667,0.03333333333333333,0.03333333333333333,,
194,6,14,0.48333333333333334,0.21666666666666667,0.03333333333333333,0.03333333333333333,,
195,6,15,0.5166666666666667,0.21666666666666667,0.03333333333333333,0.03333333333333333,,
196,6,16,0.55,0.21666666666666667,0.03333333333333333,0.03333333333333333,,
197,6,17,0.5833333333333334,0.21666666666666667,0.03333333333333333,0.03333333333333333,,
198,6,18,0.6166666666666667,0.21666666666666667,0.03333333333333333,0.03333333333333333,,
199,6,19,0.65,0.21666666666666667,0.03333333333333333,0.03333333333333333,,
200,6,20,0.6833333333333333,0.21666666666666667,0.03333333333333333,0.03333333333333333,,
201,6,21,0.7166666666666667,0.21666666666666667,0.03333333333333333,0.03333333333333333,,
202,6,22,0.75,0.21666666666666667,0.03333333333333333,0.03333333333333333,,
203,6,23,0.7833333333333333,0.21666666666666667,0.03333333333333333,0.03333333333333333,,
204,6,24,0.8166666666666667,0.21666666666666667,0.03333333333333333,0.03333333333333333,,
205,6,25,0.85,0.21666666666666667,0.03333333333333333,0.03333333333333333,,
206,6,26,0.8833333333333333,0.21666666666666667,0.03333333333333333,0.03333333333333333,,
207,6,27,0.9166666666666666,0.21666666666666667,0.03333333333333333,0.03333333333333333,,
208,6,28,0.95,0.21666666666666667,0.03333333333333333,0.03333333333333333,,
209,6,29,0.9833333333333333,0.21666666666666667,0.03333333333333333,0.03333333333333333,,
210,7,0,0.016666666666666666,0.25,0.03333333333333333,0.03333333333333333,,
211,7,1,0.05,0.25,0.03333333333333333,0.03333333333333333,,
212,7,2,0.08333333333333333,0.25,0.03333333333333333,0.03333333333333333,,
213,7,3,0.11666666666666667,0.25,0.03333333333333333,0.03333333333333333,,
214,7,4,0.15,0.25,0.03333333333333333,0.03333333333333333,,
215,7,5,0.18333333333333332,0.25,0.03333333333333333,0.03333333333333333,,
216,7,6,0.21666666666666667,0.25,0.03333333333333333,0.03333333333333333,,
217,7,7,0.25,0.25,0.03333333333333333,0.03333333333333333,,
218,7,8,0.2833333333333333,0.25,0.03333333333333333,0.03333333333333333,,
219,7,9,0.31666666666666665,0.25,0.03333333333333333,0.03333333333333333,,
220,7,10,0.35,0.25,0.03333333333333333,0.03333333333333333,,
221,7,11,0.38333333333333336,0.25,0.03333333333333333,0.03333333333333333,,
222,7,12,0.4166666666666667,0.25,0.03333333333333333,0.03333333333333333,,
223,7,13,0.45,0.25,0.03333333333333333,0.03333333333333333,,
224,7,14,0.48333333333333334,0.25,0.03333333333333333,0.03333333333333333,,
225,7,15,0.5166666666666667,0.25,0.03333333333333333,0.03333333333333333,,
226,7,16,0.55,0.25,0.03333333333333333,0.03333333333333333,,
227,7,17,0.5833333333333334,0.25,0.03333333333333333,0.03333333333333333,,
228,7,18,0.6166666666666667,0.25,0.03333333333333333,0.03333333333333333,,
229,7,19,0.65,0.25,0.03333333333333333,0.03333333333333333,,
230,7,20,0.6833333333333333,0.25,0.03333333333333333,0.03333333333333333,,
231,7,21,0.7166666666666667,0.25,0.03333333333333333,0.03333333333333333,,
232,7,22,0.75,0.25,0.03333333333333333,0.03333333333333333,,
233,7,23,0.7833333333333333,0.25,0.03333333333333333,0.03333333333333333,,
234,7,24,0.8166666666666667,0.25,0.03333333333333333,0.03333333333333333,,
235,7,25,0.85,0.25,0.03333333333333333,0.03333333333333333,,
236,7,26,0.8833333333333333,0.25,0.03333333333333333,0.03333333333333333,,
237,7,27,0.9166666666666666,0.25,0.03333333333333333,0.03333333333333333,,
238,7,28,0.95,0.25,0.03333333333333333,0.03333333333333333,,
239,7,29,0.9833333333333333,0.25,0.03333333333333333,0.03333333333333333,,
240,8,0,0.016666666666666666,0.2833333333333333,0.03333333333333333,0.03333333333333333,,
241,8,1,0.05,0.2833333333333333,0.03333333333333333,0.03333333333333333,,
242,8,2,0.08333333333333333,0.2833333333333333,0.03333333333333333,0.03333333333333333,,
243,8,3,0.11666666666666667,0.2833333333333333,0.03333333333333333,0.03333333333333333,,
244,8,4,0.15,0.2833333333333333,0.03333333333333333,0.03333333333333333,,
245,8,5,0.18333333333333332,0.2833333333333333,0.03333333333333333,0.03333333333333333,,
246,8,6,0.21666666666666667,0.2833333333333333,0.03333333333333333,0.03333333333333333,,
247,8,7,0.25,0.2833333333333333,0.03333333333333333,0.03333333333333333,,
248,8,8,0.2833333333333333,0.2833333333333333,0.03333333333333333,0.03333333333333333,,
249,8,9,0.31666666666666665,0.2833333333333333,0.03333333333333333,0.03333333333333333,,
250,8,10,0.35,0.2833333333333333,0.03333333333333333,0.03333333333333333,,
251,8,11,0.38333333333333336,0.2833333333333333,0.03333333333333333,0.03333333333333333,,
252,8,12,0.4166666666666667,0.2833333333333333,0.03333333333333333,0.03333333333333333,,
253,8,13,0.45,0.2833333333333333,0.03333333333333333,0.03333333333333333,,
254,8,14,0.48333333333333334,0.2833333333333333,0.03333333333333333,0.03333333333333333,,
255,8,15,0.5166666666666667,0.2833333333333333,0.03333333333333333,0.03333333333333333,,
256,8,16,0.55,0.2833333333333333,0.03333333333333333,0.03333333333333333,,
257,8,17,0.5833333333333334,0.2833333333333333,0.03333333333333333,0.03333333333333333,,
258,8,18,0.6166666666666667,0.2833333333333333,0.03333333333333333,0.03333333333333333,,
259,8,19,0.65,0.2833333333333333,0.03333333333333333,0.03333333333333333,,
260,8,20,0.6833333333333333,0.2833333333333333,0.03333333333333333,0.03333333333333333,,
261,8,21,0.7166666666666667,0.2833333333333333,0.03333333333333333,0.03333333333333333,,
262,8,22,0.75,0.2833333333333333,0.03333333333333333,0.03333333333333333,,
263,8,23,0.7833333333333333,0.2833333333333333,0.03333333333333333,0.03333333333333333,,
264,8,24,0.8166666666666667,0.2833333333333333,0.03333333333333333,0.03333333333333333,,
265,8,25,0.85,0.2833333333333333,0.03333333333333333,0.03333333333333333,,
266,8,26,0.8833333333333333,0.2833333333333333,0.03333333333333333,0.03333333333333333,,
267,8,27,0.9166666666666666,0.2833333333333333,0.03333333333333333,0.03333333333333333,,
268,8,28,0.95,0.2833333333333333,0.03333333333333333,0.03333333333333333,,
269,8,29,0.9833333333333333,0.2833333333333333,0.03333333333333333,0.03333333333333333,,
270,9,0,0.016666666666666666,0.31666666666666665,0.03333333333333333,0.03333333333333333,,
271,9,1,0.05,0.31666666666666665,0.03333333333333333,0.03333333333333333,,
272,9,2,0.08333333333333333,0.31666666666666665,0.03333333333333333,0.03333333333333333,,
273,9,3,0.11666666666666667,0.31666666666666665,0.03333333333333333,0.03333333333333333,,
274,9,4,0.15,0.31666666666666665,0.03333333333333333,0.03333333333333333,,
275,9,5,0.18333333333333332,0.31666666666666665,0.03333333333333333,0.03333333333333333,,
276,9,6,0.21666666666666667,0.31666666666666665,0.03333333333333333,0.03333333333333333,,
277,9,7,0.25,0.31666666666666665,0.03333333333333333,0.03333333333333333,,
278,9,8,0.2833333333333333,0.31666666666666665,0.03333333333333333,0.03333333333333333,,
279,9,9,0.31666666666666665,0.31666666666666665,0.03333333333333333,0.03333333333333333,,
280,9,10,0.35,0.31666666666666665,0.03333333333333333,0.03333333333333333,,
281,9,11,0.38333333333333336,0.31666666666666665,0.03333333333333333,0.03333333333333333,,
282,9,12,0.4166666666666667,0.31666666666666665,0.03333333333333333,0.03333333333333333,,
283,9,13,0.45,0.31666666666666665,0.03333333333333333,0.03333333333333333,,
284,9,14,0.48333333333333334,0.31666666666666665,0.03333333333333333,0.03333333333333333,,
285,9,15,0.5166666666666667,0.31666666666666665,0.03333333333333333,0.03333333333333333,,
286,9,16,0.55,0.31666666666666665,0.03333333333333333,0.03333333333333333,,
287,9,17,0.5833333333333334,0.31666666666666665,0.03333333333333333,0.03333333333333333,,
288,9,18,0.6166666666666667,0.31666666666666665,0.03333333333333333,0.03333333333333333,,
289,9,19,0.65,0.31666666666666665,0.03333333333333333,0.03333333333333333,,
290,9,20,0.6833333333333333,0.31666666666666665,0.03333333333333333,0.03333333333333333,,
291,9,21,0.7166666666666667,0.31666666666666665,0.03333333333333333,0.03333333333333333,,
292,9,22,0.75,0.31666666666666665,0.03333333333333333,0.03333333333333333,,
293,9,23,0.7833333333333333,0.31666666666666665,0.03333333333333333,0.03333333333333333,,
294,9,24,0.8166666666666667,0.31666666666666665,0.03333333333333333,0.03333333333333333,,
295,9,25,0.85,0.31666666666666665,0.03333333333333333,0.03333333333333333,,
296,9,26,0.8833333333333333,0.31666666666666665,0.03333333333333333,0.03333333333333333,,
297,9,27,0.9166666666666666,0.31666666666666665,0.03333333333333333,0.03333333333333333,,
298,9,28,0.95,0.31666666666666665,0.03333333333333333,0.03333333333333333,,
299,9,29,0.9833333333333333,0.31666666666666665,0.03333333333333333,0.03333333333333333,,
300,10,0,0.016666666666666666,0.35,0.03333333333333333,0.03333333333333333,,
301,10,1,0.05,0.35,0.03333333333333333,0.03333333333333333,,
302,10,2,0.08333333333333333,0.35,0.03333333333333333,0.03333333333333333,,
303,10,3,0.11666666666666667,0.35,0.03333333333333333,0.03333333333333333,,
304,10,4,0.15,0.35,0.03333333333333333,0.03333333333333333,,
305,10,5,0.18333333333333332,0.35,0.03333333333333333,0.03333333333333333,,
306,10,6,0.21666666666666667,0.35,0.03333333333333333,0.03333333333333333,,
307,10,7,0.25,0.35,0.03333333333333333,0.03333333333333333,,
308,10,8,0.2833333333333333,0.35,0.03333333333333333,0.03333333333333333,,
309,10,9,0.31666666666666665,0.35,0.03333333333333333,0.03333333333333333,,
310,10,10,0.35,0.35,0.03333333333333333,0.03333333333333333,,
311,10,11,0.38333333333333336,0.35,0.03333333333333333,0.03333333333333333,,
312,10,12,0.4166666666666667,0.35,0.03333333333333333,0.03333333333333333,,
313,10,13,0.45,0.35,0.03333333333333333,0.03333333333333333,,
314,10,14,0.48333333333333334,0.35,0.03333333333333333,0.03333333333333333,,
315,10,15,0.5166666666666667,0.35,0.03333333333333333,0.03333333333333333,,
316,10,16,0.55,0.35,0.03333333333333333,0.03333333333333333,,
317,10,17,0.5833333333333334,0.35,0.03333333333333333,0.03333333333333333,,
318,10,18,0.6166666666666667,0.35,0.03333333333333333,0.03333333333333333,,
319,10,19,0.65,0.35,0.03333333333333333,0.03333333333333333,,
320,10,20,0.6833333333333333,0.35,0.03333333333333333,0.03333333333333333,,
321,10,21,0.7166666666666667,0.35,0.03333333333333333,0.03333333333333333,,
322,10,22,0.75,0.35,0.03333333333333333,0.03333333333333333,,
323,10,23,0.7833333333333333,0.35,0.03333333333333333,0.03333333333333333,,
324,10,24,0.8166666666666667,0.35,0.03333333333333333,0.03333333333333333,,
325,10,25,0.85,0.35,0.03333333333333333,0.03333333333333333,,
326,10,26,0.8833333333333333,0.35,0.03333333333333333,0.03333333333333333,,
327,10,27,0.9166666666666666,0.35,0.03333333333333333,0.03333333333333333,,
328,10,28,0.95,0.35,0.03333333333333333,0.03333333333333333,,
329,10,29,0.9833333333333333,0.35,0.03333333333333333,0.03333333333333333,,
330,11,0,0.016666666666666666,0.38333333333333336,0.03333333333333333,0.03333333333333333,,
331,11,1,0.05,0.38333333333333336,0.03333333333333333,0.03333333333333333,,
332,11,2,0.08333333333333333,0.38333333333333336,0.03333333333333333,0.03333333333333333,,
333,11,3,0.11666666666666667,0.38333333333333336,0.03333333333333333,0.03333333333333333,,
334,11,4,0.15,0.38333333333333336,0.03333333333333333,0.03333333333333333,,
335,11,5,0.18333333333333332,0.38333333333333336,0.03333333333333333,0.03333333333333333,,
336,11,6,0.21666666666666667,0.38333333333333336,0.03333333333333333,0.03333333333333333,,
337,11,7,0.25,0.38333333333333336,0.03333333333333333,0.03333333333333333,,
338,11,8,0.2833333333333333,0.38333333333333336,0.03333333333333333,0.03333333333333333,,
339,11,9,0.31666666666666665,0.38333333333333336,0.03333333333333333,0.03333333333333333,,
340,11,10,0.35,0.38333333333333336,0.03333333333333333,0.03333333333333333,,
341,11,11,0.38333333333333336,0.38333333333333336,0.03333333333333333,0.03333333333333333,,
342,11,12,0.4166666666666667,0.38333333333333336,0.03333333333333333,0.03333333333333333,,
343,11,13,0.45,0.38333333333333336,0.03333333333333333,0.03333333333333333,,
344,11,14,0.48333333333333334,0.38333333333333336,0.03333333333333333,0.03333333333333333,,
345,11,15,0.5166666666666667,0.38333333333333336,0.03333333333333333,0.03333333333333333,,
346,11,16,0.55,0.38333333333333336,0.03333333333333333,0.03333333333333333,,
347,11,17,0.5833333333333334,0.38333333333333336,0.03333333333333333,0.03333333333333333,,
348,11,18,0.6166666666666667,0.38333333333333336,0.03333333333333333,0.03333333333333333,,
349,11,19,0.65,0.38333333333333336,0.03333333333333333,0.03333333333333333,,
350,11,20,0.6833333333333333,0.38333333333333336,0.03333333333333333,0.03333333333333333,,
351,11,21,0.7166666666666667,0.38333333333333336,0.03333333333333333,0.03333333333333333,,
352,11,22,0.75,0.38333333333333336,0.03333333333333333,0.03333333333333333,,
353,11,23,0.7833333333333333,0.38333333333333336,0.03333333333333333,0.03333333333333333,,
354,11,24,0.8166666666666667,0.38333333333333336,0.03333333333333333,0.03333333333333333,,
355,11,25,0.85,0.38333333333333336,0.03333333333333333,0.03333333333333333,,
356,11,26,0.8833333333333333,0.38333333333333336,0.03333333333333333,0.03333333333333333,,
357,11,27,0.9166666666666666,0.38333333333333336,0.03333333333333333,0.03333333333333333,,
358,11,28,0.95,0.38333333333333336,0.03333333333333333,0.03333333333333333,,
359,11,29,0.9833333333333333,0.38333333333333336,0.03333333333333333,0.03333333333333333,,
360,12,0,0.016666666666666666,0.4166666666666667,0.03333333333333333,0.03333333333333333,,
361,12,1,0.05,0.4166666666666667,0.03333333333333333,0.03333333333333333,,
362,12,2,0.08333333333333333,0.4166666666666667,0.03333333333333333,0.03333333333333333,,
363,12,3,0.11666666666666667,0.4166666666666667,0.03333333333333333,0.03333333333333333,,
364,12,4,0.15,0.4166666666666667,0.03333333333333333,0.03333333333333333,,
365,12,5,0.18333333333333332,0.4166666666666667,0.03333333333333333,0.03333333333333333,,
366,12,6,0.21666666666666667,0.4166666666666667,0.03333333333333333,0.03333333333333333,,
367,12,7,0.25,0.4166666666666667,0.03333333333333333,0.03333333333333333,,
368,12,8,0.2833333333333333,0.4166666666666667,0.03333333333333333,0.03333333333333333,,
369,12,9,0.31666666666666665,0.4166666666666667,0.03333333333333333,0.03333333333333333,,
370,12,10,0.35,0.4166666666666667,0.03333333333333333,0.03333333333333333,,
371,12,11,0.38333333333333336,0.4166666666666667,0.03333333333333333,0.03333333333333333,,
372,12,12,0.4166666666666667,0.4166666666666667,0.03333333333333333,0.03333333333333333,,
373,12,13,0.45,0.4166666666666667,0.03333333333333333,0.03333333333333333,,
374,12,14,0.48333333333333334,0.4166666666666667,0.03333333333333333,0.03333333333333333,,
375,12,15,0.5166666666666667,0.4166666666666667,0.03333333333333333,0.03333333333333333,,
376,12,16,0.55,0.4166666666666667,0.03333333333333333,0.03333333333333333,,
377,12,17,0.5833333333333334,0.4166666666666667,0.03333333333333333,0.03333333333333333,,
378,12,18,0.6166666666666667,0.4166666666666667,0.03333333333333333,0.03333333333333333,,
379,12,19,0.65,0.4166666666666667,0.03333333333333333,0.03333333333333333,,
380,12,20,0.6833333333333333,0.4166666666666667,0.03333333333333333,0.03333333333333333,,
381,12,21,0.7166666666666667,0.4166666666666667,0.03333333333333333,0.03333333333333333,,
382,12,22,0.75,0.4166666666666667,0.03333333333333333,0.03333333333333333,,
383,12,23,0.7833333333333333,0.4166666666666667,0.03333333333333333,0.03333333333333333,,
384,12,24,0.8166666666666667,0.4166666666666667,0.03333333333333333,0.03333333333333333,,
385,12,25,0.85,0.4166666666666667,0.03333333333333333,0.03333333333333333,,
386,12,26,0.8833333333333333,0.4166666666666667,0.03333333333333333,0.03333333333333333,,
387,12,27,0.9166666666666666,0.4166666666666667,0.03333333333333333,0.03333333333333333,,
388,12,28,0.95,0.4166666666666667,0.03333333333333333,0.03333333333333333,,
389,12,29,0.9833333333333333,0.4166666666666667,0.03333333333333333,0.03333333333333333,,
390,13,0,0.016666666666666666,0.45,0.03333333333333333,0.03333333333333333,,
391,13,1,0.05,0.45,0.03333333333333333,0.03333333333333333,,
392,13,2,0.08333333333333333,0.45,0.03333333333333333,0.03333333333333333,,
393,13,3,0.11666666666666667,0.45,0.03333333333333333,0.03333333333333333,,
394,13,4,0.15,0.45,0.03333333333333333,0.03333333333333333,,
395,13,5,0.18333333333333332,0.45,0.03333333333333333,0.03333333333333333,,
396,13,6,0.21666666666666667,0.45,0.03333333333333333,0.03333333333333333,,
397,13,7,0.25,0.45,0.03333333333333333,0.03333333333333333,,
398,13,8,0.2833333333333333,0.45,0.03333333333333333,0.03333333333333333,,
399,13,9,0.31666666666666665,0.45,0.03333333333333333,0.03333333333333333,,
400,13,10,0.35,0.45,0.03333333333333333,0.03333333333333333,,
401,13,11,0.38333333333333336,0.45,0.03333333333333333,0.03333333333333333,,
402,13,12,0.4166666666666667,0.45,0.03333333333333333,0.03333333333333333,,
403,13,13,0.45,0.45,0.03333333333333333,0.03333333333333333,,
404,13,14,0.48333333333333334,0.45,0.03333333333333333,0.03333333333333333,,
405,13,15,0.5166666666666667,0.45,0.03333333333333333,0.03333333333333333,,
406,13,16,0.55,0.45,0.03333333333333333,0.03333333333333333,,
407,13,17,0.5833333333333334,0.45,0.03333333333333333,0.03333333333333333,,
408,13,18,0.6166666666666667,0.45,0.03333333333333333,0.03333333333333333,,
409,13,19,0.65,0.45,0.03333333333333333,0.03333333333333333,,
410,13,20,0.6833333333333333,0.45,0.03333333333333333,0.03333333333333333,,
411,13,21,0.7166666666666667,0.45,0.03333333333333333,0.03333333333333333,,
412,13,22,0.75,0.45,0.03333333333333333,0.03333333333333333,,
413,13,23,0.7833333333333333,0.45,0.03333333333333333,0.03333333333333333,,
414,13,24,0.8166666666666667,0.45,0.03333333333333333,0.03333333333333333,,
415,13,25,0.85,0.45,0.03333333333333333,0.03333333333333333,,
416,13,26,0.8833333333333333,0.45,0.03333333333333333,0.03333333333333333,,
417,13,27,0.9166666666666666,0.45,0.03333333333333333,0.03333333333333333,,
418,13,28,0.95,0.45,0.03333333333333333,0.03333333333333333,,
419,13,29,0.9833333333333333,0.45,0.03333333333333333,0.03333333333333333,,
420,14,0,0.016666666666666666,0.48333333333333334,0.03333333333333333,0.03333333333333333,,
421,14,1,0.05,0.48333333333333334,0.03333333333333333,0.03333333333333333,,
422,14,2,0.08333333333333333,0.48333333333333334,0.03333333333333333,0.03333333333333333,,
423,14,3,0.11666666666666667,0.48333333333333334,0.03333333333333333,0.03333333333333333,,
424,14,4,0.15,0.48333333333333334,0.03333333333333333,0.03333333333333333,,
425,14,5,0.18333333333333332,0.48333333333333334,0.03333333333333333,0.03333333333333333,,
426,14,6,0.21666666666666667,0.48333333333333334,0.03333333333333333,0.03333333333333333,,
427,14,7,0.25,0.48333333333333334,0.03333333333333333,0.03333333333333333,,
428,14,8,0.2833333333333333,0.48333333333333334,0.03333333333333333,0.03333333333333333,,
429,14,9,0.31666666666666665,0.48333333333333334,0.03333333333333333,0.03333333333333333,,
430,14,10,0.35,0.48333333333333334,0.03333333333333333,0.03333333333333333,,
431,14,11,0.38333333333333336,0.48333333333333334,0.03333333333333333,0.03333333333333333,,
432,14,12,0.4166666666666667,0.48333333333333334,0.03333333333333333,0.03333333333333333,,
433,14,13,0.45,0.48333333333333334,0.03333333333333333,0.03333333333333333,,
434,14,14,0.48333333333333334,0.48333333333333334,0.03333333333333333,0.03333333333333333,,
435,14,15,0.5166666666666667,0.48333333333333334,0.03333333333333333,0.03333333333333333,,
436,14,16,0.55,0.48333333333333334,0.03333333333333333,0.03333333333333333,,
437,14,17,0.5833333333333334,0.48333333333333334,0.03333333333333333,0.03333333333333333,,
438,14,18,0.6166666666666667,0.48333333333333334,0.03333333333333333,0.03333333333333333,,
439,14,19,0.65,0.48333333333333334,0.03333333333333333,0.03333333333333333,,
440,14,20,0.6833333333333333,0.48333333333333334,0.03333333333333333,0.03333333333333333,,
441,14,21,0.7166666666666667,0.48333333333333334,0.03333333333333333,0.03333333333333333,,
442,14,22,0.75,0.48333333333333334,0.03333333333333333,0.03333333333333333,,
443,14,23,0.7833333333333333,0.48333333333333334,0.03333333333333333,0.03333333333333333,,
444,14,24,0.8166666666666667,0.48333333333333334,0.03333333333333333,0.03333333333333333,,
445,14,25,0.85,0.48333333333333334,0.03333333333333333,0.03333333333333333,,
446,14,26,0.8833333333333333,0.48333333333333334,0.03333333333333333,0.03333333333333333,,
447,14,27,0.9166666666666666,0.48333333333333334,0.03333333333333333,0.03333333333333333,,
448,14,28,0.95,0.48333333333333334,0.03333333333333333,0.03333333333333333,,
449,14,29,0.9833333333333333,0.48333333333333334,0.03333333333333333,0.03333333333333333,,
450,15,0,0.016666666666666666,0.5166666666666667,0.03333333333333333,0.03333333333333333,,
451,15,1,0.05,0.5166666666666667,0.03333333333333333,0.03333333333333333,,
452,15,2,0.08333333333333333,0.5166666666666667,0.03333333333333333,0.03333333333333333,,
453,15,3,0.11666666666666667,0.5166666666666667,0.03333333333333333,0.03333333333333333,,
454,15,4,0.15,0.5166666666666667,0.03333333333333333,0.03333333333333333,,
455,15,5,0.18333333333333332,0.5166666666666667,0.03333333333333333,0.03333333333333333,,
456,15,6,0.21666666666666667,0.5166666666666667,0.03333333333333333,0.03333333333333333,,
457,15,7,0.25,0.5166666666666667,0.03333333333333333,0.03333333333333333,,
458,15,8,0.2833333333333333,0.5166666666666667,0.03333333333333333,0.03333333333333333,,
459,15,9,0.31666666666666665,0.5166666666666667,0.03333333333333333,0.03333333333333333,,
460,15,10,0.35,0.5166666666666667,0.03333333333333333,0.03333333333333333,,
461,15,11,0.38333333333333336,0.5166666666666667,0.03333333333333333,0.03333333333333333,,
462,15,12,0.4166666666666667,0.5166666666666667,0.03333333333333333,0.03333333333333333,,
463,15,13,0.45,0.5166666666666667,0.03333333333333333,0.03333333333333333,,
464,15,14,0.48333333333333334,0.5166666666666667,0.03333333333333333,0.03333333333333333,,
465,15,15,0.5166666666666667,0.5166666666666667,0.03333333333333333,0.03333333333333333,,
466,15,16,0.55,0.5166666666666667,0.03333333333333333,0.03333333333333333,,
467,15,17,0.5833333333333334,0.5166666666666667,0.03333333333333333,0.03333333333333333,,
468,15,18,0.6166666666666667,0.5166666666666667,0.03333333333333333,0.03333333333333333,,
469,15,19,0.65,0.5166666666666667,0.03333333333333333,0.03333333333333333,,
470,15,20,0.6833333333333333,0.5166666666666667,0.03333333333333333,0.03333333333333333,,
471,15,21,0.7166666666666667,0.5166666666666667,0.03333333333333333,0.03333333333333333,,
472,15,22,0.75,0.5166666666666667,0.03333333333333333,0.03333333333333333,,
473,15,23,0.7833333333333333,0.5166666666666667,0.03333333333333333,0.03333333333333333,,
474,15,24,0.8166666666666667,0.5166666666666667,0.03333333333333333,0.03333333333333333,,
475,15,25,0.85,0.5166666666666667,0.03333333333333333,0.03333333333333333,,
476,15,26,0.8833333333333333,0.5166666666666667,0.03333333333333333,0.03333333333333333,,
477,15,27,0.9166666666666666,0.5166666666666667,0.03333333333333333,0.03333333333333333,,
478,15,28,0.95,0.5166666666666667,0.03333333333333333,0.03333333333333333,,
479,15,29,0.9833333333333333,0.5166666666666667,0.03333333333333333,0.03333333333333333,,
480,16,0,0.016666666666666666,0.55,0.03333333333333333,0.03333333333333333,,
481,16,1,0.05,0.55,0.03333333333333333,0.03333333333333333,,
482,16,2,0.08333333333333333,0.55,0.03333333333333333,0.03333333333333333,,
483,16,3,0.11666666666666667,0.55,0.03333333333333333,0.03333333333333333,,
484,16,4,0.15,0.55,0.03333333333333333,0.03333333333333333,,
485,16,5,0.18333333333333332,0.55,0.03333333333333333,0.03333333333333333,,
486,16,6,0.21666666666666667,0.55,0.03333333333333333,0.03333333333333333,,
487,16,7,0.25,0.55,0.03333333333333333,0.03333333333333333,,
488,16,8,0.2833333333333333,0.55,0.03333333333333333,0.03333333333333333,,
489,16,9,0.31666666666666665,0.55,0.03333333333333333,0.03333333333333333,,
490,16,10,0.35,0.55,0.03333333333333333,0.03333333333333333,,
491,16,11,0.38333333333333336,0.55,0.03333333333333333,0.03333333333333333,,
492,16,12,0.4166666666666667,0.55,0.03333333333333333,0.03333333333333333,,
493,16,13,0.45,0.55,0.03333333333333333,0.03333333333333333,,
494,16,14,0.48333333333333334,0.55,0.03333333333333333,0.03333333333333333,,
495,16,15,0.5166666666666667,0.55,0.03333333333333333,0.03333333333333333,,
496,16,16,0.55,0.55,0.03333333333333333,0.03333333333333333,,
497,16,17,0.5833333333333334,0.55,0.03333333333333333,0.03333333333333333,,
498,16,18,0.6166666666666667,0.55,0.03333333333333333,0.03333333333333333,,
499,16,19,0.65,0.55,0.03333333333333333,0.03333333333333333,,
500,16,20,0.6833333333333333,0.55,0.03333333333333333,0.03333333333333333,,
501,16,21,0.7166666666666667,0.55,0.03333333333333333,0.03333333333333333,,
502,16,22,0.75,0.55,0.03333333333333333,0.03333333333333333,,
503,16,23,0.7833333333333333,0.55,0.03333333333333333,0.03333333333333333,,
504,16,24,0.8166666666666667,0.55,0.03333333333333333,0.03333333333333333,,
505,16,25,0.85,0.55,0.03333333333333333,0.03333333333333333,,
506,16,26,0.8833333333333333,0.55,0.03333333333333333,0.03333333333333333,,
507,16,27,0.9166666666666666,0.55,0.03333333333333333,0.03333333333333333,,
508,16,28,0.95,0.55,0.03333333333333333,0.03333333333333333,,
509,16,29,0.9833333333333333,0.55,0.03333333333333333,0.03333333333333333,,
510,17,0,0.016666666666666666,0.5833333333333334,0.03333333333333333,0.03333333333333333,,
511,17,1,0.05,0.5833333333333334,0.03333333333333333,0.03333333333333333,,
512,17,2,0.08333333333333333,0.5833333333333334,0.03333333333333333,0.03333333333333333,,
513,17,3,0.11666666666666667,0.5833333333333334,0.03333333333333333,0.03333333333333333,,
514,17,4,0.15,0.5833333333333334,0.03333333333333333,0.03333333333333333,,
515,17,5,0.18333333333333332,0.5833333333333334,0.03333333333333333,0.03333333333333333,,
516,17,6,0.21666666666666667,0.5833333333333334,0.03333333333333333,0.03333333333333333,,
517,17,7,0.25,0.5833333333333334,0.03333333333333333,0.03333333333333333,,
518,17,8,0.2833333333333333,0.5833333333333334,0.03333333333333333,0.03333333333333333,,
519,17,9,0.31666666666666665,0.5833333333333334,0.03333333333333333,0.03333333333333333,,
520,17,10,0.35,0.5833333333333334,0.03333333333333333,0.03333333333333333,,
521,17,11,0.38333333333333336,0.5833333333333334,0.03333333333333333,0.03333333333333333,,
522,17,12,0.4166666666666667,0.5833333333333334,0.03333333333333333,0.03333333333333333,,
523,17,13,0.45,0.5833333333333334,0.03333333333333333,0.03333333333333333,,
524,17,14,0.48333333333333334,0.5833333333333334,0.03333333333333333,0.03333333333333333,,
525,17,15,0.5166666666666667,0.5833333333333334,0.03333333333333333,0.03333333333333333,,
526,17,16,0.55,0.5833333333333334,0.03333333333333333,0.03333333333333333,,
527,17,17,0.5833333333333334,0.5833333333333334,0.03333333333333333,0.03333333333333333,,
528,17,18,0.6166666666666667,0.5833333333333334,0.03333333333333333,0.03333333333333333,,
529,17,19,0.65,0.5833333333333334,0.03333333333333333,0.03333333333333333,,
530,17,20,0.6833333333333333,0.5833333333333334,0.03333333333333333,0.03333333333333333,,
531,17,21,0.7166666666666667,0.5833333333333334,0.03333333333333333,0.03333333333333333,,
532,17,22,0.75,0.5833333333333334,0.03333333333333333,0.03333333333333333,,
533,17,23,0.7833333333333333,0.5833333333333334,0.03333333333333333,0.03333333333333333,,
534,17,24,0.8166666666666667,0.5833333333333334,0.03333333333333333,0.03333333333333333,,
535,17,25,0.85,0.5833333333333334,0.03333333333333333,0.03333333333333333,,
536,17,26,0.8833333333333333,0.5833333333333334,0.03333333333333333,0.03333333333333333,,
537,17,27,0.9166666666666666,0.5833333333333334,0.03333333333333333,0.03333333333333333,,
538,17,28,0.95,0.5833333333333334,0.03333333333333333,0.03333333333333333,,
539,17,29,0.9833333333333333,0.5833333333333334,0.03333333333333333,0.03333333333333333,,
540,18,0,0.016666666666666666,0.6166666666666667,0.03333333333333333,0.03333333333333333,,
541,18,1,0.05,0.6166666666666667,0.03333333333333333,0.03333333333333333,,
542,18,2,0.08333333333333333,0.6166666666666667,0.03333333333333333,0.03333333333333333,,
543,18,3,0.11666666666666667,0.6166666666666667,0.03333333333333333,0.03333333333333333,,
544,18,4,0.15,0.6166666666666667,0.03333333333333333,0.03333333333333333,,
545,18,5,0.18333333333333332,0.6166666666666667,0.03333333333333333,0.03333333333333333,,
546,18,6,0.21666666666666667,0.6166666666666667,0.03333333333333333,0.03333333333333333,,
547,18,7,0.25,0.6166666666666667,0.03333333333333333,0.03333333333333333,,
548,18,8,0.2833333333333333,0.6166666666666667,0.03333333333333333,0.03333333333333333,,
549,18,9,0.31666666666666665,0.6166666666666667,0.03333333333333333,0.03333333333333333,,
550,18,10,0.35,0.6166666666666667,0.03333333333333333,0.03333333333333333,,
551,18,11,0.38333333333333336,0.6166666666666667,0.03333333333333333,0.03333333333333333,,
552,18,12,0.4166666666666667,0.6166666666666667,0.03333333333333333,0.03333333333333333,,
553,18,13,0.45,0.6166666666666667,0.03333333333333333,0.03333333333333333,,
554,18,14,0.48333333333333334,0.6166666666666667,0.03333333333333333,0.03333333333333333,,
555,18,15,0.5166666666666667,0.6166666666666667,0.03333333333333333,0.03333333333333333,,
556,18,16,0.55,0.6166666666666667,0.03333333333333333,0.03333333333333333,,
557,18,17,0.5833333333333334,0.6166666666666667,0.03333333333333333,0.03333333333333333,,
558,18,18,0.6166666666666667,0.6166666666666667,0.03333333333333333,0.03333333333333333,,
559,18,19,0.65,0.6166666666666667,0.03333333333333333,0.03333333333333333,,
560,18,20,0.6833333333333333,0.6166666666666667,0.03333333333333333,0.03333333333333333,,
561,18,21,0.7166666666666667,0.6166666666666667,0.03333333333333333,0.03333333333333333,,
562,18,22,0.75,0.6166666666666667,0.03333333333333333,0.03333333333333333,,
563,18,23,0.7833333333333333,0.6166666666666667,0.03333333333333333,0.03333333333333333,,
564,18,24,0.8166666666666667,0.6166666666666667,0.03333333333333333,0.03333333333333333,,
565,18,25,0.85,0.6166666666666667,0.03333333333333333,0.03333333333333333,,
566,18,26,0.8833333333333333,0.6166666666666667,0.03333333333333333,0.03333333333333333,,
567,18,27,0.9166666666666666,0.6166666666666667,0.03333333333333333,0.03333333333333333,,
568,18,28,0.95,0.6166666666666667,0.03333333333333333,0.03333333333333333,,
569,18,29,0.9833333333333333,0.6166666666666667,0.03333333333333333,0.03333333333333333,,
570,19,0,0.016666666666666666,0.65,0.03333333333333333,0.03333333333333333,,
571,19,1,0.05,0.65,0.03333333333333333,0.03333333333333333,,
572,19,2,0.08333333333333333,0.65,0.03333333333333333,0.03333333333333333,,
573,19,3,0.11666666666666667,0.65,0.03333333333333333,0.03333333333333333,,
574,19,4,0.15,0.65,0.03333333333333333,0.03333333333333333,,
575,19,5,0.18333333333333332,0.65,0.03333333333333333,0.03333333333333333,,
576,19,6,0.21666666666666667,0.65,0.03333333333333333,0.03333333333333333,,
577,19,7,0.25,0.65,0.03333333333333333,0.03333333333333333,,
578,19,8,0.2833333333333333,0.65,0.03333333333333333,0.03333333333333333,,
579,19,9,0.31666666666666665,0.65,0.03333333333333333,0.03333333333333333,,
580,19,10,0.35,0.65,0.03333333333333333,0.03333333333333333,,
581,19,11,0.38333333333333336,0.65,0.03333333333333333,0.03333333333333333,,
582,19,12,0.4166666666666667,0.65,0.03333333333333333,0.03333333333333333,,
583,19,13,0.45,0.65,0.03333333333333333,0.03333333333333333,,
584,19,14,0.48333333333333334,0.65,0.03333333333333333,0.03333333333333333,,
585,19,15,0.5166666666666667,0.65,0.03333333333333333,0.03333333333333333,,
586,19,16,0.55,0.65,0.03333333333333333,0.03333333333333333,,
587,19,17,0.5833333333333334,0.65,0.03333333333333333,0.03333333333333333,,
588,19,18,0.6166666666666667,0.65,0.03333333333333333,0.03333333333333333,,
589,19,19,0.65,0.65,0.03333333333333333,0.03333333333333333,,
590,19,20,0.6833333333333333,0.65,0.03333333333333333,0.03333333333333333,,
591,19,21,0.7166666666666667,0.65,0.03333333333333333,0.03333333333333333,,
592,19,22,0.75,0.65,0.03333333333333333,0.03333333333333333,,
593,19,23,0.7833333333333333,0.65,0.03333333333333333,0.03333333333333333,,
594,19,24,0.8166666666666667,0.65,0.03333333333333333,0.03333333333333333,,
595,19,25,0.85,0.65,0.03333333333333333,0.03333333333333333,,
596,19,26,0.8833333333333333,0.65,0.03333333333333333,0.03333333333333333,,
597,19,27,0.9166666666666666,0.65,0.03333333333333333,0.03333333333333333,,
598,19,28,0.95,0.65,0.03333333333333333,0.03333333333333333,,
599,19,29,0.9833333333333333,0.65,0.03333333333333333,0.03333333333333333,,
600,20,0,0.016666666666666666,0.6833333333333333,0.03333333333333333,0.03333333333333333,,
601,20,1,0.05,0.6833333333333333,0.03333333333333333,0.03333333333333333,,
602,20,2,0.08333333333333333,0.6833333333333333,0.03333333333333333,0.03333333333333333,,
603,20,3,0.11666666666666667,0.6833333333333333,0.03333333333333333,0.03333333333333333,,
604,20,4,0.15,0.6833333333333333,0.03333333333333333,0.03333333333333333,,
605,20,5,0.18333333333333332,0.6833333333333333,0.03333333333333333,0.03333333333333333,,
606,20,6,0.21666666666666667,0.6833333333333333,0.03333333333333333,0.03333333333333333,,
607,20,7,0.25,0.6833333333333333,0.03333333333333333,0.03333333333333333,,
608,20,8,0.2833333333333333,0.6833333333333333,0.03333333333333333,0.03333333333333333,,
609,20,9,0.31666666666666665,0.6833333333333333,0.03333333333333333,0.03333333333333333,,
610,20,10,0.35,0.6833333333333333,0.03333333333333333,0.03333333333333333,,
611,20,11,0.38333333333333336,0.6833333333333333,0.03333333333333333,0.03333333333333333,,
612,20,12,0.4166666666666667,0.6833333333333333,0.03333333333333333,0.03333333333333333,,
613,20,13,0.45,0.6833333333333333,0.03333333333333333,0.03333333333333333,,
614,20,14,0.48333333333333334,0.6833333333333333,0.03333333333333333,0.03333333333333333,,
615,20,15,0.5166666666666667,0.6833333333333333,0.03333333333333333,0.03333333333333333,,
616,20,16,0.55,0.6833333333333333,0.03333333333333333,0.03333333333333333,,
617,20,17,0.5833333333333334,0.6833333333333333,0.03333333333333333,0.03333333333333333,,
618,20,18,0.6166666666666667,0.6833333333333333,0.03333333333333333,0.03333333333333333,,
619,20,19,0.65,0.6833333333333333,0.03333333333333333,0.03333333333333333,,
620,20,20,0.6833333333333333,0.6833333333333333,0.03333333333333333,0.03333333333333333,,
621,20,21,0.7166666666666667,0.6833333333333333,0.03333333333333333,0.03333333333333333,,
622,20,22,0.75,0.6833333333333333,0.03333333333333333,0.03333333333333333,,
623,20,23,0.7833333333333333,0.6833333333333333,0.03333333333333333,0.03333333333333333,,
624,20,24,0.8166666666666667,0.6833333333333333,0.03333333333333333,0.03333333333333333,,
625,20,25,0.85,0.6833333333333333,0.03333333333333333,0.03333333333333333,,
626,20,26,0.8833333333333333,0.6833333333333333,0.03333333333333333,0.03333333333333333,,
627,20,27,0.9166666666666666,0.6833333333333333,0.03333333333333333,0.03333333333333333,,
628,20,28,0.95,0.6833333333333333,0.03333333333333333,0.03333333333333333,,
629,20,29,0.9833333333333333,0.6833333333333333,0.03333333333333333,0.03333333333333333,,
630,21,0,0.016666666666666666,0.7166666666666667,0.03333333333333333,0.03333333333333333,,
631,21,1,0.05,0.7166666666666667,0.03333333333333333,0.03333333333333333,,
632,21,2,0.08333333333333333,0.7166666666666667,0.03333333333333333,0.03333333333333333,,
633,21,3,0.11666666666666667,0.7166666666666667,0.03333333333333333,0.03333333333333333,,
634,21,4,0.15,0.7166666666666667,0.03333333333333333,0.03333333333333333,,
635,21,5,0.18333333333333332,0.7166666666666667,0.03333333333333333,0.03333333333333333,,
636,21,6,0.21666666666666667,0.7166666666666667,0.03333333333333333,0.03333333333333333,,
637,21,7,0.25,0.7166666666666667,0.03333333333333333,0.03333333333333333,,
638,21,8,0.2833333333333333,0.7166666666666667,0.03333333333333333,0.03333333333333333,,
639,21,9,0.31666666666666665,0.7166666666666667,0.03333333333333333,0.03333333333333333,,
640,21,10,0.35,0.7166666666666667,0.03333333333333333,0.03333333333333333,,
641,21,11,0.38333333333333336,0.7166666666666667,0.03333333333333333,0.03333333333333333,,
642,21,12,0.4166666666666667,0.7166666666666667,0.03333333333333333,0.03333333333333333,,
643,21,13,0.45,0.7166666666666667,0.03333333333333333,0.03333333333333333,,
644,21,14,0.48333333333333334,0.7166666666666667,0.03333333333333333,0.03333333333333333,,
645,21,15,0.5166666666666667,0.7166666666666667,0.03333333333333333,0.03333333333333333,,
646,21,16,0.55,0.7166666666666667,0.03333333333333333,0.03333333333333333,,
647,21,17,0.5833333333333334,0.7166666666666667,0.03333333333333333,0.03333333333333333,,
648,21,18,0.6166666666666667,0.7166666666666667,0.03333333333333333,0.03333333333333333,,
649,21,19,0.65,0.7166666666666667,0.03333333333333333,0.03333333333333333,,
650,21,20,0.6833333333333333,0.7166666666666667,0.03333333333333333,0.03333333333333333,,
651,21,21,0.7166666666666667,0.7166666666666667,0.03333333333333333,0.03333333333333333,,
652,21,22,0.75,0.7166666666666667,0.03333333333333333,0.03333333333333333,,
653,21,23,0.7833333333333333,0.7166666666666667,0.03333333333333333,0.03333333333333333,,
654,21,24,0.8166666666666667,0.7166666666666667,0.03333333333333333,0.03333333333333333,,
655,21,25,0.85,0.7166666666666667,0.03333333333333333,0.03333333333333333,,
656,21,26,0.8833333333333333,0.7166666666666667,0.03333333333333333,0.03333333333333333,,
657,21,27,0.9166666666666666,0.7166666666666667,0.03333333333333333,0.03333333333333333,,
658,21,28,0.95,0.7166666666666667,0.03333333333333333,0.03333333333333333,,
659,21,29,0.9833333333333333,0.7166666666666667,0.03333333333333333,0.03333333333333333,,
660,22,0,0.016666666666666666,0.75,0.03333333333333333,0.03333333333333333,,
661,22,1,0.05,0.75,0.03333333333333333,0.03333333333333333,,
662,22,2,0.08333333333333333,0.75,0.03333333333333333,0.03333333333333333,,
663,22,3,0.11666666666666667,0.75,0.03333333333333333,0.03333333333333333,,
664,22,4,0.15,0.75,0.03333333333333333,0.03333333333333333,,
665,22,5,0.18333333333333332,0.75,0.03333333333333333,0.03333333333333333,,
666,22,6,0.21666666666666667,0.75,0.03333333333333333,0.03333333333333333,,
667,22,7,0.25,0.75,0.03333333333333333,0.03333333333333333,,
668,22,8,0.2833333333333333,0.75,0.03333333333333333,0.03333333333333333,,
669,22,9,0.31666666666666665,0.75,0.03333333333333333,0.03333333333333333,,
670,22,10,0.35,0.75,0.03333333333333333,0.03333333333333333,,
671,22,11,0.38333333333333336,0.75,0.03333333333333333,0.03333333333333333,,
672,22,12,0.4166666666666667,0.75,0.03333333333333333,0.03333333333333333,,
673,22,13,0.45,0.75,0.03333333333333333,0.03333333333333333,,
674,22,14,0.48333333333333334,0.75,0.03333333333333333,0.03333333333333333,,
675,22,15,0.5166666666666667,0.75,0.03333333333333333,0.03333333333333333,,
676,22,16,0.55,0.75,0.03333333333333333,0.03333333333333333,,
677,22,17,0.5833333333333334,0.75,0.03333333333333333,0.03333333333333333,,
678,22,18,0.6166666666666667,0.75,0.03333333333333333,0.03333333333333333,,
679,22,19,0.65,0.75,0.03333333333333333,0.03333333333333333,,
680,22,20,0.6833333333333333,0.75,0.03333333333333333,0.03333333333333333,,
681,22,21,0.7166666666666667,0.75,0.03333333333333333,0.03333333333333333,,
682,22,22,0.75,0.75,0.03333333333333333,0.03333333333333333,,
683,22,23,0.7833333333333333,0.75,0.03333333333333333,0.03333333333333333,,
684,22,24,0.8166666666666667,0.75,0.03333333333333333,0.03333333333333333,,
685,22,25,0.85,0.75,0.03333333333333333,0.03333333333333333,,
686,22,26,0.8833333333333333,0.75,0.03333333333333333,0.03333333333333333,,
687,22,27,0.9166666666666666,0.75,0.03333333333333333,0.03333333333333333,,
688,22,28,0.95,0.75,0.03333333333333333,0.03333333333333333,,
689,22,29,0.9833333333333333,0.75,0.03333333333333333,0.03333333333333333,,
690,23,0,0.016666666666666666,0.7833333333333333,0.03333333333333333,0.03333333333333333,,
691,23,1,0.05,0.7833333333333333,0.03333333333333333,0.03333333333333333,,
692,23,2,0.08333333333333333,0.7833333333333333,0.03333333333333333,0.03333333333333333,,
693,23,3,0.11666666666666667,0.7833333333333333,0.03333333333333333,0.03333333333333333,,
694,23,4,0.15,0.7833333333333333,0.03333333333333333,0.03333333333333333,,
695,23,5,0.18333333333333332,0.7833333333333333,0.03333333333333333,0.03333333333333333,,
696,23,6,0.21666666666666667,0.7833333333333333,0.03333333333333333,0.03333333333333333,,
697,23,7,0.25,0.7833333333333333,0.03333333333333333,0.03333333333333333,,
698,23,8,0.2833333333333333,0.7833333333333333,0.03333333333333333,0.03333333333333333,,
699,23,9,0.31666666666666665,0.7833333333333333,0.03333333333333333,0.03333333333333333,,
700,23,10,0.35,0.7833333333333333,0.03333333333333333,0.03333333333333333,,
701,23,11,0.38333333333333336,0.7833333333333333,0.03333333333333333,0.03333333333333333,,
702,23,12,0.4166666666666667,0.7833333333333333,0.03333333333333333,0.03333333333333333,,
703,23,13,0.45,0.7833333333333333,0.03333333333333333,0.03333333333333333,,
704,23,14,0.48333333333333334,0.7833333333333333,0.03333333333333333,0.03333333333333333,,
705,23,15,0.5166666666666667,0.7833333333333333,0.03333333333333333,0.03333333333333333,,
706,23,16,0.55,0.7833333333333333,0.03333333333333333,0.03333333333333333,,
707,23,17,0.5833333333333334,0.7833333333333333,0.03333333333333333,0.03333333333333333,,
708,23,18,0.6166666666666667,0.7833333333333333,0.03333333333333333,0.03333333333333333,,
709,23,19,0.65,0.7833333333333333,0.03333333333333333,0.03333333333333333,,
710,23,20,0.6833333333333333,0.7833333333333333,0.03333333333333333,0.03333333333333333,,
711,23,21,0.7166666666666667,0.7833333333333333,0.03333333333333333,0.03333333333333333,,
712,23,22,0.75,0.7833333333333333,0.03333333333333333,0.03333333333333333,,
713,23,23,0.7833333333333333,0.7833333333333333,0.03333333333333333,0.03333333333333333,,
714,23,24,0.8166666666666667,0.7833333333333333,0.03333333333333333,0.03333333333333333,,
715,23,25,0.85,0.7833333333333333,0.03333333333333333,0.03333333333333333,,
716,23,26,0.8833333333333333,0.7833333333333333,0.03333333333333333,0.03333333333333333,,
717,23,27,0.9166666666666666,0.7833333333333333,0.03333333333333333,0.03333333333333333,,
718,23,28,0.95,0.7833333333333333,0.03333333333333333,0.03333333333333333,,
719,23,29,0.9833333333333333,0.7833333333333333,0.03333333333333333,0.03333333333333333,,
720,24,0,0.016666666666666666,0.8166666666666667,0.03333333333333333,0.03333333333333333,,
721,24,1,0.05,0.8166666666666667,0.03333333333333333,0.03333333333333333,,
722,24,2,0.08333333333333333,0.8166666666666667,0.03333333333333333,0.03333333333333333,,
723,24,3,0.11666666666666667,0.8166666666666667,0.03333333333333333,0.03333333333333333,,
724,24,4,0.15,0.8166666666666667,0.03333333333333333,0.03333333333333333,,
725,24,5,0.18333333333333332,0.8166666666666667,0.03333333333333333,0.03333333333333333,,
726,24,6,0.21666666666666667,0.8166666666666667,0.03333333333333333,0.03333333333333333,,
727,24,7,0.25,0.8166666666666667,0.03333333333333333,0.03333333333333333,,
728,24,8,0.2833333333333333,0.8166666666666667,0.03333333333333333,0.03333333333333333,,
729,24,9,0.31666666666666665,0.8166666666666667,0.03333333333333333,0.03333333333333333,,
730,24,10,0.35,0.8166666666666667,0.03333333333333333,0.03333333333333333,,
731,24,11,0.38333333333333336,0.8166666666666667,0.03333333333333333,0.03333333333333333,,
732,24,12,0.4166666666666667,0.8166666666666667,0.03333333333333333,0.03333333333333333,,
733,24,13,0.45,0.8166666666666667,0.03333333333333333,0.03333333333333333,,
734,24,14,0.48333333333333334,0.8166666666666667,0.03333333333333333,0.03333333333333333,,
735,24,15,0.5166666666666667,0.8166666666666667,0.03333333333333333,0.03333333333333333,,
736,24,16,0.55,0.8166666666666667,0.03333333333333333,0.03333333333333333,,
737,24,17,0.5833333333333334,0.8166666666666667,0.03333333333333333,0.03333333333333333,,
738,24,18,0.6166666666666667,0.8166666666666667,0.03333333333333333,0.03333333333333333,,
739,24,19,0.65,0.8166666666666667,0.03333333333333333,0.03333333333333333,,
740,24,20,0.6833333333333333,0.8166666666666667,0.03333333333333333,0.03333333333333333,,
741,24,21,0.7166666666666667,0.8166666666666667,0.03333333333333333,0.03333333333333333,,
742,24,22,0.75,0.8166666666666667,0.03333333333333333,0.03333333333333333,,
743,24,23,0.7833333333333333,0.8166666666666667,0.03333333333333333,0.03333333333333333,,
744,24,24,0.8166666666666667,0.8166666666666667,0.03333333333333333,0.03333333333333333,,
745,24,25,0.85,0.8166666666666667,0.03333333333333333,0.03333333333333333,,
746,24,26,0.8833333333333333,0.8166666666666667,0.03333333333333333,0.03333333333333333,,
747,24,27,0.9166666666666666,0.8166666666666667,0.03333333333333333,0.03333333333333333,,
748,24,28,0.95,0.8166666666666667,0.03333333333333333,0.03333333333333333,,
749,24,29,0.9833333333333333,0.8166666666666667,0.03333333333333333,0.03333333333333333,,
750,25,0,0.016666666666666666,0.85,0.03333333333333333,0.03333333333333333,,
751,25,1,0.05,0.85,0.03333333333333333,0.03333333333333333,,
752,25,2,0.08333333333333333,0.85,0.03333333333333333,0.03333333333333333,,
753,25,3,0.11666666666666667,0.85,0.03333333333333333,0.03333333333333333,,
754,25,4,0.15,0.85,0.03333333333333333,0.03333333333333333,,
755,25,5,0.18333333333333332,0.85,0.03333333333333333,0.03333333333333333,,
756,25,6,0.21666666666666667,0.85,0.03333333333333333,0.03333333333333333,,
757,25,7,0.25,0.85,0.03333333333333333,0.03333333333333333,,
758,25,8,0.2833333333333333,0.85,0.03333333333333333,0.03333333333333333,,
759,25,9,0.31666666666666665,0.85,0.03333333333333333,0.03333333333333333,,
760,25,10,0.35,0.85,0.03333333333333333,0.03333333333333333,,
761,25,11,0.38333333333333336,0.85,0.03333333333333333,0.03333333333333333,,
762,25,12,0.4166666666666667,0.85,0.03333333333333333,0.03333333333333333,,
763,25,13,0.45,0.85,0.03333333333333333,0.03333333333333333,,
764,25,14,0.48333333333333334,0.85,0.03333333333333333,0.03333333333333333,,
765,25,15,0.5166666666666667,0.85,0.03333333333333333,0.03333333333333333,,
766,25,16,0.55,0.85,0.03333333333333333,0.03333333333333333,,
767,25,17,0.5833333333333334,0.85,0.03333333333333333,0.03333333333333333,,
768,25,18,0.6166666666666667,0.85,0.03333333333333333,0.03333333333333333,,
769,25,19,0.65,0.85,0.03333333333333333,0.03333333333333333,,
770,25,20,0.6833333333333333,0.85,0.03333333333333333,0.03333333333333333,,
771,25,21,0.7166666666666667,0.85,0.03333333333333333,0.03333333333333333,,
772,25,22,0.75,0.85,0.03333333333333333,0.03333333333333333,,
773,25,23,0.7833333333333333,0.85,0.03333333333333333,0.03333333333333333,,
774,25,24,0.8166666666666667,0.85,0.03333333333333333,0.03333333333333333,,
775,25,25,0.85,0.85,0.03333333333333333,0.03333333333333333,,
776,25,26,0.8833333333333333,0.85,0.03333333333333333,0.03333333333333333,,
777,25,27,0.9166666666666666,0.85,0.03333333333333333,0.03333333333333333,,
778,25,28,0.95,0.85,0.03333333333333333,0.03333333333333333,,
779,25,29,0.9833333333333333,0.85,0.03333333333333333,0.03333333333333333,,
780,26,0,0.016666666666666666,0.8833333333333333,0.03333333333333333,0.03333333333333333,,
781,26,1,0.05,0.8833333333333333,0.03333333333333333,0.03333333333333333,,
782,26,2,0.08333333333333333,0.8833333333333333,0.03333333333333333,0.03333333333333333,,
783,26,3,0.11666666666666667,0.8833333333333333,0.03333333333333333,0.03333333333333333,,
784,26,4,0.15,0.8833333333333333,0.03333333333333333,0.03333333333333333,,
785,26,5,0.18333333333333332,0.8833333333333333,0.03333333333333333,0.03333333333333333,,
786,26,6,0.21666666666666667,0.8833333333333333,0.03333333333333333,0.03333333333333333,,
787,26,7,0.25,0.8833333333333333,0.03333333333333333,0.03333333333333333,,
788,26,8,0.2833333333333333,0.8833333333333333,0.03333333333333333,0.03333333333333333,,
789,26,9,0.31666666666666665,0.8833333333333333,0.03333333333333333,0.03333333333333333,,
790,26,10,0.35,0.8833333333333333,0.03333333333333333,0.03333333333333333,,
791,26,11,0.38333333333333336,0.8833333333333333,0.03333333333333333,0.03333333333333333,,
792,26,12,0.4166666666666667,0.8833333333333333,0.03333333333333333,0.03333333333333333,,
793,26,13,0.45,0.8833333333333333,0.03333333333333333,0.03333333333333333,,
794,26,14,0.48333333333333334,0.8833333333333333,0.03333333333333333,0.03333333333333333,,
795,26,15,0.5166666666666667,0.8833333333333333,0.03333333333333333,0.03333333333333333,,
796,26,16,0.55,0.8833333333333333,0.03333333333333333,0.03333333333333333,,
797,26,17,0.5833333333333334,0.8833333333333333,0.03333333333333333,0.03333333333333333,,
798,26,18,0.6166666666666667,0.8833333333333333,0.03333333333333333,0.03333333333333333,,
799,26,19,0.65,0.8833333333333333,0.03333333333333333,0.03333333333333333,,
800,26,20,0.6833333333333333,0.8833333333333333,0.03333333333333333,0.03333333333333333,,
801,26,21,0.7166666666666667,0.8833333333333333,0.03333333333333333,0.03333333333333333,,
802,26,22,0.75,0.8833333333333333,0.03333333333333333,0.03333333333333333,,
803,26,23,0.7833333333333333,0.8833333333333333,0.03333333333333333,0.03333333333333333,,
804,26,24,0.8166666666666667,0.8833333333333333,0.03333333333333333,0.03333333333333333,,
805,26,25,0.85,0.8833333333333333,0.03333333333333333,0.03333333333333333,,
806,26,26,0.8833333333333333,0.8833333333333333,0.03333333333333333,0.03333333333333333,,
807,26,27,0.9166666666666666,0.8833333333333333,0.03333333333333333,0.03333333333333333,,
808,26,28,0.95,0.8833333333333333,0.03333333333333333,0.03333333333333333,,
809,26,29,0.9833333333333333,0.8833333333333333,0.03333333333333333,0.03333333333333333,,
810,27,0,0.016666666666666666,0.9166666666666666,0.03333333333333333,0.03333333333333333,,
811,27,1,0.05,0.9166666666666666,0.03333333333333333,0.03333333333333333,,
812,27,2,0.08333333333333333,0.9166666666666666,0.03333333333333333,0.03333333333333333,,
813,27,3,0.11666666666666667,0.9166666666666666,0.03333333333333333,0.03333333333333333,,
814,27,4,0.15,0.9166666666666666,0.03333333333333333,0.03333333333333333,,
815,27,5,0.18333333333333332,0.9166666666666666,0.03333333333333333,0.03333333333333333,,
816,27,6,0.21666666666666667,0.9166666666666666,0.03333333333333333,0.03333333333333333,,
817,27,7,0.25,0.9166666666666666,0.03333333333333333,0.03333333333333333,,
818,27,8,0.2833333333333333,0.9166666666666666,0.03333333333333333,0.03333333333333333,,
819,27,9,0.31666666666666665,0.9166666666666666,0.03333333333333333,0.03333333333333333,,
820,27,10,0.35,0.9166666666666666,0.03333333333333333,0.03333333333333333,,
821,27,11,0.38333333333333336,0.9166666666666666,0.03333333333333333,0.03333333333333333,,
822,27,12,0.4166666666666667,0.9166666666666666,0.03333333333333333,0.03333333333333333,,
823,27,13,0.45,0.9166666666666666,0.03333333333333333,0.03333333333333333,,
824,27,14,0.48333333333333334,0.9166666666666666,0.03333333333333333,0.03333333333333333,,
825,27,15,0.5166666666666667,0.9166666666666666,0.03333333333333333,0.03333333333333333,,
826,27,16,0.55,0.9166666666666666,0.03333333333333333,0.03333333333333333,,
827,27,17,0.5833333333333334,0.9166666666666666,0.03333333333333333,0.03333333333333333,,
828,27,18,0.6166666666666667,0.9166666666666666,0.03333333333333333,0.03333333333333333,,
829,27,19,0.65,0.9166666666666666,0.03333333333333333,0.03333333333333333,,
830,27,20,0.6833333333333333,0.9166666666666666,0.03333333333333333,0.03333333333333333,,
831,27,21,0.7166666666666667,0.9166666666666666,0.03333333333333333,0.03333333333333333,,
832,27,22,0.75,0.9166666666666666,0.03333333333333333,0.03333333333333333,,
833,27,23,0.7833333333333333,0.9166666666666666,0.03333333333333333,0.03333333333333333,,
834,27,24,0.8166666666666667,0.9166666666666666,0.03333333333333333,0.03333333333333333,,
835,27,25,0.85,0.9166666666666666,0.03333333333333333,0.03333333333333333,,
836,27,26,0.8833333333333333,0.9166666666666666,0.03333333333333333,0.03333333333333333,,
837,27,27,0.9166666666666666,0.9166666666666666,0.03333333333333333,0.03333333333333333,,
838,27,28,0.95,0.9166666666666666,0.03333333333333333,0.03333333333333333,,
839,27,29,0.9833333333333333,0.9166666666666666,0.03333333333333333,0.03333333333333333,,
840,28,0,0.016666666666666666,0.95,0.03333333333333333,0.03333333333333333,,
841,28,1,0.05,0.95,0.03333333333333333,0.03333333333333333,,
842,28,2,0.08333333333333333,0.95,0.03333333333333333,0.03333333333333333,,
843,28,3,0.11666666666666667,0.95,0.03333333333333333,0.03333333333333333,,
844,28,4,0.15,0.95,0.03333333333333333,0.03333333333333333,,
845,28,5,0.18333333333333332,0.95,0.03333333333333333,0.03333333333333333,,
846,28,6,0.21666666666666667,0.95,0.03333333333333333,0.03333333333333333,,
847,28,7,0.25,0.95,0.03333333333333333,0.03333333333333333,,
848,28,8,0.2833333333333333,0.95,0.03333333333333333,0.03333333333333333,,
849,28,9,0.31666666666666665,0.95,0.03333333333333333,0.03333333333333333,,
850,28,10,0.35,0.95,0.03333333333333333,0.03333333333333333,,
851,28,11,0.38333333333333336,0.95,0.03333333333333333,0.03333333333333333,,
852,28,12,0.4166666666666667,0.95,0.03333333333333333,0.03333333333333333,,
853,28,13,0.45,0.95,0.03333333333333333,0.03333333333333333,,
854,28,14,0.48333333333333334,0.95,0.03333333333333333,0.03333333333333333,,
855,28,15,0.5166666666666667,0.95,0.03333333333333333,0.03333333333333333,,
856,28,16,0.55,0.95,0.03333333333333333,0.03333333333333333,,
857,28,17,0.5833333333333334,0.95,0.03333333333333333,0.03333333333333333,,
858,28,18,0.6166666666666667,0.95,0.03333333333333333,0.03333333333333333,,
859,28,19,0.65,0.95,0.03333333333333333,0.03333333333333333,,
860,28,20,0.6833333333333333,0.95,0.03333333333333333,0.03333333333333333,,
861,28,21,0.7166666666666667,0.95,0.03333333333333333,0.03333333333333333,,
862,28,22,0.75,0.95,0.03333333333333333,0.03333333333333333,,
863,28,23,0.7833333333333333,0.95,0.03333333333333333,0.03333333333333333,,
864,28,24,0.8166666666666667,0.95,0.03333333333333333,0.03333333333333333,,
865,28,25,0.85,0.95,0.03333333333333333,0.03333333333333333,,
866,28,26,0.8833333333333333,0.95,0.03333333333333333,0.03333333333333333,,
867,28,27,0.9166666666666666,0.95,0.03333333333333333,0.03333333333333333,,
868,28,28,0.95,0.95,0.03333333333333333,0.03333333333333333,,
869,28,29,0.9833333333333333,0.95,0.03333333333333333,0.03333333333333333,,
870,29,0,0.016666666666666666,0.9833333333333333,0.03333333333333333,0.03333333333333333,,
871,29,1,0.05,0.9833333333333333,0.03333333333333333,0.03333333333333333,,
872,29,2,0.08333333333333333,0.9833333333333333,0.03333333333333333,0.03333333333333333,,
873,29,3,0.11666666666666667,0.9833333333333333,0.03333333333333333,0.03333333333333333,,
874,29,4,0.15,0.9833333333333333,0.03333333333333333,0.03333333333333333,,
875,29,5,0.18333333333333332,0.9833333333333333,0.03333333333333333,0.03333333333333333,,
876,29,6,0.21666666666666667,0.9833333333333333,0.03333333333333333,0.03333333333333333,,
877,29,7,0.25,0.9833333333333333,0.03333333333333333,0.03333333333333333,,
878,29,8,0.2833333333333333,0.9833333333333333,0.03333333333333333,0.03333333333333333,,
879,29,9,0.31666666666666665,0.9833333333333333,0.03333333333333333,0.03333333333333333,,
880,29,10,0.35,0.9833333333333333,0.03333333333333333,0.03333333333333333,,
881,29,11,0.38333333333333336,0.9833333333333333,0.03333333333333333,0.03333333333333333,,
882,29,12,0.4166666666666667,0.9833333333333333,0.03333333333333333,0.03333333333333333,,
883,29,13,0.45,0.9833333333333333,0.03333333333333333,0.03333333333333333,,
884,29,14,0.48333333333333334,0.9833333333333333,0.03333333333333333,0.03333333333333333,,
885,29,15,0.5166666666666667,0.9833333333333333,0.03333333333333333,0.03333333333333333,,
886,29,16,0.55,0.9833333333333333,0.03333333333333333,0.03333333333333333,,
887,29,17,0.5833333333333334,0.9833333333333333,0.03333333333333333,0.03333333333333333,,
888,29,18,0.6166666666666667,0.9833333333333333,0.03333333333333333,0.03333333333333333,,
889,29,19,0.65,0.9833333333333333,0.03333333333333333,0.03333333333333333,,
890,29,20,0.6833333333333333,0.9833333333333333,0.03333333333333333,0.03333333333333333,,
891,29,21,0.7166666666666667,0.9833333333333333,0.03333333333333333,0.03333333333333333,,
892,29,22,0.75,0.9833333333333333,0.03333333333333333,0.03333333333333333,,
893,29,23,0.7833333333333333,0.9833333333333333,0.03333333333333333,0.03333333333333333,,
894,29,24,0.8166666666666667,0.9833333333333333,0.03333333333333333,0.03333333333333333,,
895,29,25,0.85,0.9833333333333333,0.03333333333333333,0.03333333333333333,,
896,29,26,0.8833333333333333,0.9833333333333333,0.03333333333333333,0.03333333333333333,,
897,29,27,0.9166666666666666,0.9833333333333333,0.03333333333333333,0.03333333333333333,,
898,29,28,0.95,0.9833333333333333,0.03333333333333333,0.03333333333333333,,
899,29,29,0.9833333333333333,0.9833333333333333,0.03333333333333333,0.03333333333333333,,
